jurisdiction,state,deaths_past_year,crude_rate_past_year,crude_rate_four_years_ago,synthetics_pct_past_year,synthetics_pct_four_years_ago,population
Baldwin County,Alabama,72,29.2,12.4,0.694,,246435
Barbour County,Alabama,13,52.6,,,,24706
Calhoun County,Alabama,57,49.2,15.7,0.649,,115788
Colbert County,Alabama,17,29.3,,0.588,,58033
Cullman County,Alabama,27,29.8,13.2,0.444,,90665
Dallas County,Alabama,19,51.7,,0.737,,36767
DeKalb County,Alabama,15,20.8,21,,,71998
Elmore County,Alabama,15,16.7,,,,89563
Escambia County,Alabama,26,70.9,35.6,0.462,,36666
Etowah County,Alabama,25,24.3,26.3,0.6,,103088
Houston County,Alabama,22,20.4,14.3,,,108079
Jefferson County,Alabama,478,71.8,31.8,0.797,0.314,665409
Lauderdale County,Alabama,33,34.4,14,0.515,,95878
Lee County,Alabama,19,10.5,,0.632,,180773
Madison County,Alabama,105,26,12.5,0.771,,403565
Marshall County,Alabama,28,28.2,18.7,0.75,,99423
Mobile County,Alabama,110,26.7,12.3,0.645,0.275,411411
Montgomery County,Alabama,50,22.1,8.8,0.8,,226361
Morgan County,Alabama,43,34.6,15.1,0.651,,124211
Russell County,Alabama,16,27.3,19,,,58555
St. Clair County,Alabama,37,39.4,20.3,0.73,,93932
Shelby County,Alabama,52,22.6,13,0.635,0.429,230115
Tuscaloosa County,Alabama,41,17.3,12,0.512,,236780
Walker County,Alabama,45,69.9,,0.733,,64339
Anchorage Borough,Alaska,155,54,18.6,0.677,,287145
Fairbanks North Star Borough,Alaska,29,30.4,14.2,0.414,,95356
Juneau City and Borough,Alaska,16,50.5,,0.625,,31685
Kenai Peninsula Borough,Alaska,15,24.7,27.3,,,60690
Matanuska-Susitna Borough,Alaska,31,27.4,12.1,0.613,,113325
Apache County,Arizona,11,16.8,,,,65432
Cochise County,Arizona,40,31.8,18.2,0.5,,125663
Coconino County,Arizona,27,18.7,23.9,0.593,0.294,144060
Gila County,Arizona,20,37.1,29.7,0.7,,53922
Graham County,Arizona,17,43.8,26.3,0.647,,38779
La Paz County,Arizona,13,78.8,,,,16506
Maricopa County,Arizona,1814,39.9,26.3,0.696,0.397,4551520
Mohave County,Arizona,81,36.7,18.2,0.469,,220816
Navajo County,Arizona,34,31.3,10.9,0.441,,108650
Pima County,Arizona,473,44.7,26,0.607,0.201,1057600
Pinal County,Arizona,80,17.2,10.3,0.738,0.217,464154
Yavapai County,Arizona,61,24.8,22.9,0.557,0.189,246191
Yuma County,Arizona,40,19.2,15.6,,,207842
Benton County,Arkansas,47,15.5,11,0.298,,302863
Craighead County,Arkansas,20,17.7,10.1,,,113017
Crawford County,Arkansas,11,18,15.8,,,61075
Crittenden County,Arkansas,11,23.4,,,,47061
Faulkner County,Arkansas,15,11.7,13.6,,,127665
Garland County,Arkansas,34,34,30.3,,,100089
Jefferson County,Arkansas,16,24.9,23.5,0.75,,64246
Mississippi County,Arkansas,10,25.7,,,,38896
Pulaski County,Arkansas,140,35.1,27.8,0.607,0.422,399145
Saline County,Arkansas,21,16.5,22.3,0.667,,127357
Sebastian County,Arkansas,43,33.3,14.1,0.674,,129059
Washington County,Arkansas,37,14.5,4.6,0.514,,256054
White County,Arkansas,16,20.6,,,,77755
Alameda County,California,347,21.3,11.1,0.648,0.086,1629000
Butte County,California,120,57.9,23.9,0.508,,207303
Contra Costa County,California,192,16.6,11.8,0.656,0.184,1156970
Del Norte County,California,34,125.5,,0.559,,27082
El Dorado County,California,39,20.2,17.8,0.641,,192646
Fresno County,California,215,21.2,11.2,0.456,,1015190
Glenn County,California,15,52.9,,,,28339
Humboldt County,California,85,63,28.6,0.824,,135010
Imperial County,California,34,19,22,0.676,,178713
Kern County,California,504,55,26.3,0.55,0.162,916108
Kings County,California,33,21.6,17.2,0.515,,152981
Lake County,California,57,83.6,63.7,0.386,,68191
Lassen County,California,19,63.5,,0.579,,29904
Los Angeles County,California,2534,26.1,10.4,0.639,0.233,9721140
Madera County,California,30,18.7,6.4,,,160256
Marin County,California,59,23,13.9,0.559,,256018
Mendocino County,California,66,73.5,36.6,0.591,,89783
Merced County,California,69,23.8,10.9,0.406,,290014
Monterey County,California,101,23.3,12.2,0.277,,432858
Napa County,California,32,23.8,15.1,0.531,,134300
Nevada County,California,32,31.3,18.1,0.656,,102293
Orange County,California,829,26.3,13.4,0.747,0.289,3151180
Placer County,California,83,19.9,9.4,0.458,,417772
Riverside County,California,854,34.5,17.1,0.583,0.134,2473900
Sacramento County,California,557,35.2,16.9,0.311,0.073,1584170
San Bernardino County,California,442,20.1,12.5,0.681,0.14,2193660
San Diego County,California,1027,31.3,14.4,0.692,0.217,3276210
San Francisco County,California,607,75.1,33.8,0.707,0.312,808437
San Joaquin County,California,170,21.4,16.3,0.576,,793229
San Luis Obispo County,California,97,34.4,14.8,0.711,,282013
San Mateo County,California,116,15.9,8.3,0.629,0.188,729181
Santa Barbara County,California,133,30,14.8,0.293,,443837
Santa Clara County,California,399,21.3,10.9,0.424,0.081,1870940
Santa Cruz County,California,99,37.4,17.2,0.667,,264370
Shasta County,California,67,37,16.7,0.582,,180930
Siskiyou County,California,22,50.4,,0.727,,43660
Solano County,California,115,25.6,15.9,0.426,,448747
Sonoma County,California,114,23.6,17,0.737,0.318,482650
Stanislaus County,California,156,28.3,13.5,0.692,,551275
Sutter County,California,24,24.4,13.5,0.542,,98503
Tehama County,California,27,41.4,,0.667,,65245
Tulare County,California,105,22,9.9,0.467,,477544
Tuolumne County,California,18,33,,,,54531
Ventura County,California,253,30.4,14.9,0.708,0.27,832605
Yolo County,California,50,22.5,10.4,0.58,,222115
Yuba County,California,48,56.9,21.9,0.458,,84310
Adams County,Colorado,204,38.7,22.1,0.578,0.221,527575
Alamosa County,Colorado,10,60.3,,,,16592
Arapahoe County,Colorado,199,30.3,18.9,0.688,0.154,655808
Boulder County,Colorado,70,21.4,12.3,0.529,,327468
Denver County,Colorado,426,59.7,23.7,0.629,0.118,713252
Douglas County,Colorado,44,11.7,10.5,0.341,,375988
El Paso County,Colorado,223,30.1,19.1,0.462,0.088,740567
Fremont County,Colorado,19,38.3,,0.579,,49621
Garfield County,Colorado,15,24.1,,,,62271
Jefferson County,Colorado,176,30.5,17.1,0.608,0.192,576143
La Plata County,Colorado,16,28.3,,,,56607
Larimer County,Colorado,77,21,14.3,0.416,,366778
Mesa County,Colorado,39,24.6,19.6,0.385,,158636
Montezuma County,Colorado,10,37.8,,,,26468
Montrose County,Colorado,11,25.1,,,,43811
Pueblo County,Colorado,86,50.7,28.7,0.314,,169544
Weld County,Colorado,72,20.6,13,0.5,,350176
Fairfield County,Connecticut,247,25.8,17,0.83,0.669,957419
Hartford County,Connecticut,423,47,38,0.863,0.819,899498
Litchfield County,Connecticut,61,32.9,34.6,0.836,0.828,185186
Middlesex County,Connecticut,32,19.5,29.8,0.719,0.735,164245
New Haven County,Connecticut,526,60.8,33.5,0.865,0.634,864835
New London County,Connecticut,137,51,39.1,0.796,0.829,268555
Tolland County,Connecticut,26,17.4,22,0.846,0.818,149788
Windham County,Connecticut,40,34.4,29.2,0.875,0.765,116418
Kent County,Delaware,105,56.2,37.5,0.829,0.761,186946
New Castle County,Delaware,330,57.3,46.6,0.83,0.754,575494
Sussex County,Delaware,118,46.1,31.4,0.856,0.75,255956
"Washington, D.C.","Washington, D.C.",512,76.2,41.9,0.746,0.616,671803
Alachua County,Florida,72,25.3,10.4,0.625,,284030
Baker County,Florida,11,39.6,,,,27803
Bay County,Florida,70,37.8,23.6,0.743,0.341,185134
Brevard County,Florida,162,25.7,45.4,0.673,0.607,630693
Broward County,Florida,690,35.4,24.5,0.749,0.317,1947030
Charlotte County,Florida,43,21.2,6.5,0.674,,202661
Citrus County,Florida,70,43.1,27.1,0.657,0.425,162529
Clay County,Florida,71,31.3,32.9,0.746,0.662,226589
Collier County,Florida,119,29.9,17.7,0.782,0.567,397994
Columbia County,Florida,17,23.6,19.8,,,71908
Duval County,Florida,577,56.8,35,0.783,0.669,1016540
Escambia County,Florida,242,74.5,29.8,0.653,0.436,324878
Flagler County,Florida,31,24.5,16.1,0.71,,126705
Gadsden County,Florida,10,23,,,,43403
Hendry County,Florida,13,31.4,,0.846,,41339
Hernando County,Florida,76,36.7,16.8,0.671,,206896
Highlands County,Florida,27,25.6,14.3,0.481,,105618
Hillsborough County,Florida,585,38.7,18.4,0.774,0.506,1513300
Indian River County,Florida,51,30.5,26.1,0.765,,167352
Jackson County,Florida,11,22.8,,,,48211
Lake County,Florida,119,29,12.1,0.782,0.465,410139
Lee County,Florida,327,39.8,33.7,0.835,0.736,822453
Leon County,Florida,55,18.5,11.3,0.618,,297369
Levy County,Florida,12,26.5,,,,45260
Manatee County,Florida,163,38,27.4,0.73,0.556,429125
Marion County,Florida,229,57.8,36.2,0.773,0.454,396415
Martin County,Florida,40,24.7,28.6,0.7,0.304,162006
Miami-Dade County,Florida,317,11.9,9,0.738,0.547,2673840
Monroe County,Florida,34,41.6,18.7,0.706,,81708
Nassau County,Florida,20,20.4,12.8,0.7,,97899
Okaloosa County,Florida,109,50.4,30.9,0.752,0.469,216482
Okeechobee County,Florida,19,47,,0.789,,40412
Orange County,Florida,450,31,19.5,0.751,0.626,1452730
Osceola County,Florida,133,31.5,22,0.842,0.58,422545
Palm Beach County,Florida,538,35.4,30.3,0.792,0.647,1518480
Pasco County,Florida,329,54,32.8,0.179,0.186,608794
Pinellas County,Florida,581,60.4,35.1,0.196,0.161,961739
Polk County,Florida,219,27.8,18.1,0.525,0.148,787404
Putnam County,Florida,27,36.1,17.6,0.741,,74731
St. Johns County,Florida,51,16.6,9.1,0.647,,306841
St. Lucie County,Florida,86,24,21.5,0.721,0.159,358704
Santa Rosa County,Florida,58,29.3,11.7,0.655,,198268
Sarasota County,Florida,124,26.8,20.2,0.661,0.372,462286
Seminole County,Florida,129,26.9,18.8,0.814,0.455,478772
Sumter County,Florida,29,20,19.4,0.655,,144970
Suwannee County,Florida,14,30.8,,,,45411
Volusia County,Florida,338,58.4,33.1,0.814,0.309,579192
Walton County,Florida,32,38.4,15.6,0.75,,83304
Barrow County,Georgia,29,32.5,14.8,0.69,,89299
Bartow County,Georgia,41,36.3,21.6,0.537,,112816
Bibb County,Georgia,36,23,11.1,0.722,,156197
Bulloch County,Georgia,13,15.7,,,,83059
Carroll County,Georgia,50,40.1,22,0.7,,124592
Catoosa County,Georgia,19,27.6,,0.789,,68826
Chatham County,Georgia,105,34.9,16.3,0.629,0.404,301107
Cherokee County,Georgia,43,15.3,14.6,0.744,,281278
Clarke County,Georgia,58,44.7,14.9,0.741,,129875
Clayton County,Georgia,60,20.2,7.3,0.717,,296564
Cobb County,Georgia,168,21.8,14.9,0.726,0.31,771952
Columbia County,Georgia,29,17.9,7.1,0.759,,162419
Coweta County,Georgia,19,12.4,6.8,0.684,,152882
Crisp County,Georgia,16,81.2,,0.75,,19708
DeKalb County,Georgia,181,23.7,13.1,0.602,0.303,762820
Dougherty County,Georgia,35,42.2,13.5,0.657,,82966
Douglas County,Georgia,23,15.6,10.3,0.739,,147316
Effingham County,Georgia,10,14.5,,,,69041
Fayette County,Georgia,14,11.5,9.7,,,122030
Floyd County,Georgia,33,33.2,29.6,0.485,,99443
Forsyth County,Georgia,35,13.1,7.2,0.514,,267237
Fulton County,Georgia,349,32.5,21.1,0.642,0.284,1074630
Glynn County,Georgia,31,36.4,16.5,0.774,,85079
Gordon County,Georgia,13,22.1,,,,58954
Gwinnett County,Georgia,172,17.6,8.6,0.785,0.35,975353
Hall County,Georgia,97,45.6,20.3,0.742,,212692
Henry County,Georgia,52,20.9,11.8,0.596,,248364
Houston County,Georgia,41,24.2,12.2,0.61,,169631
Laurens County,Georgia,16,32.2,,0.688,,49660
Liberty County,Georgia,18,26.5,,0.778,,68030
Lowndes County,Georgia,11,9.2,,,,119739
Muscogee County,Georgia,31,15.3,12.9,,,202616
Newton County,Georgia,19,16.2,10.1,0.579,,117621
Paulding County,Georgia,44,24.7,9.1,0.841,,178421
Pickens County,Georgia,16,45.9,,,,34826
Polk County,Georgia,13,29.7,,0.923,,43709
Richmond County,Georgia,134,64.8,33.2,0.679,0.269,206640
Rockdale County,Georgia,20,21.1,15.5,0.5,,94984
Spalding County,Georgia,17,24.7,16.6,0.824,,68919
Tift County,Georgia,11,26.6,,,,41412
Troup County,Georgia,14,19.9,,,,70191
Walker County,Georgia,23,33.4,,0.826,,68915
Walton County,Georgia,20,19.4,20.4,0.55,,103065
Ware County,Georgia,21,59,,,,35614
Wayne County,Georgia,14,45.3,,,,30896
Whitfield County,Georgia,16,15.5,10.6,,,103132
Hawaii County,Hawaii,40,19.4,8.9,,0.556,206315
Honolulu County,Hawaii,169,17,16.6,0.231,,995638
Kauai County,Hawaii,17,23,16.6,,,73810
Maui County,Hawaii,38,23.1,18.6,0.447,,164351
Ada County,Idaho,127,24.5,17.9,0.543,0.155,518907
Bannock County,Idaho,27,30.2,20.8,0.63,,89517
Bonneville County,Idaho,25,19.3,25.8,0.56,,129496
Canyon County,Idaho,41,16.3,9.9,0.659,,251065
Kootenai County,Idaho,39,21.2,16.1,0.692,,183578
Nez Perce County,Idaho,14,32.6,,,,43004
Twin Falls County,Idaho,17,18.1,20.9,,,93696
Adams County,Illinois,13,20.1,15.2,,,64725
Champaign County,Illinois,78,37.8,18.6,0.654,0.359,206542
Coles County,Illinois,10,21.6,,,,46334
Cook County,Illinois,2233,43.7,24.9,0.803,0.644,5109290
DeKalb County,Illinois,18,18,14.4,0.722,0.667,100232
DuPage County,Illinois,126,13.7,12.9,0.73,0.592,920901
Grundy County,Illinois,10,18.9,29.4,,,53041
Jefferson County,Illinois,15,41.2,,0.667,,36400
Kane County,Illinois,80,15.6,11.6,0.75,0.613,514182
Kankakee County,Illinois,51,48.1,23.6,0.824,0.692,106074
Kendall County,Illinois,10,7.3,7.8,,,137254
Lake County,Illinois,130,18.3,10.6,0.7,0.351,709150
LaSalle County,Illinois,28,25.9,36.6,0.714,0.625,108078
McHenry County,Illinois,34,10.9,14.9,0.794,0.609,311747
McLean County,Illinois,22,12.9,15.7,0.636,,171141
Macon County,Illinois,29,28.6,23,0.759,0.542,101483
Madison County,Illinois,102,38.7,37.1,0.735,0.704,263864
Marion County,Illinois,11,29.8,,,,36914
Montgomery County,Illinois,10,35.7,,,,28020
Peoria County,Illinois,74,41.5,32.7,0.662,0.475,178383
Rock Island County,Illinois,19,13.4,15.4,0.526,,141527
St. Clair County,Illinois,74,29.3,25.6,0.77,0.627,252671
Sangamon County,Illinois,67,34.4,30.2,0.761,0.39,194534
Tazewell County,Illinois,28,21.6,12.8,0.5,,129911
Vermilion County,Illinois,30,41.5,19.6,0.667,,72337
Whiteside County,Illinois,10,18.3,,,,54658
Will County,Illinois,120,17.2,17.5,0.833,0.612,696757
Williamson County,Illinois,11,16.5,17.9,,,66695
Winnebago County,Illinois,151,53.5,50.8,0.801,0.625,282188
Allen County,Indiana,139,35.5,28.5,0.77,0.449,391449
Bartholomew County,Indiana,34,40.7,20.6,0.647,,83540
Boone County,Indiana,12,16.2,20.9,0.833,,74164
Cass County,Indiana,13,34.6,,,,37540
Clark County,Indiana,62,49.9,43.5,0.839,0.529,124237
Clinton County,Indiana,13,39.6,,,,32843
Dearborn County,Indiana,21,41.1,,0.619,,51138
Delaware County,Indiana,68,60.7,35,0.824,,112031
Elkhart County,Indiana,35,16.9,16,0.457,,206890
Fayette County,Indiana,11,47.1,60.7,,,23349
Floyd County,Indiana,37,45.8,19.3,0.649,,80714
Grant County,Indiana,39,59.1,25.7,0.872,,66022
Hamilton County,Indiana,42,11.5,12.1,0.667,0.35,364921
Hancock County,Indiana,13,15.6,13.1,,,83070
Harrison County,Indiana,12,30.1,,,,39851
Hendricks County,Indiana,30,16.4,12,0.7,,182534
Henry County,Indiana,12,24.5,,,,48915
Howard County,Indiana,42,50.3,41.3,0.667,0.382,83574
Huntington County,Indiana,10,27.1,,,,36834
Jackson County,Indiana,20,43.2,43.1,0.55,0.526,46300
Jefferson County,Indiana,11,33.4,,,,32946
Jennings County,Indiana,14,50.8,36.1,0.714,,27536
Johnson County,Indiana,42,25.3,16.7,0.786,,165782
Kosciusko County,Indiana,20,24.7,13.9,0.5,,80826
Lake County,Indiana,188,37.6,31.2,0.739,0.411,499689
LaPorte County,Indiana,53,47.5,18.2,0.566,,111675
Lawrence County,Indiana,10,22.1,,1,,45222
Madison County,Indiana,70,53.1,30.1,0.629,,131744
Marion County,Indiana,787,81.2,39.3,0.792,0.507,969466
Miami County,Indiana,19,53.3,,,,35674
Monroe County,Indiana,65,46.5,17.7,0.708,0.423,139745
Morgan County,Indiana,24,33.2,29.9,0.667,,72236
Porter County,Indiana,37,21.2,18.3,0.838,,174791
Randolph County,Indiana,10,40.9,,,,24437
St. Joseph County,Indiana,110,40.4,21.4,0.627,0.552,272234
Scott County,Indiana,14,56.9,,1,,24588
Shelby County,Indiana,18,40,,,,44991
Starke County,Indiana,13,55.9,,,,23258
Tippecanoe County,Indiana,49,26,25.3,0.796,0.571,188717
Vanderburgh County,Indiana,75,41.7,25.4,0.627,0.326,179744
Vigo County,Indiana,27,25.5,17.7,0.407,,106006
Washington County,Indiana,10,35.4,,1,,28224
Wayne County,Indiana,44,66.4,65.1,0.795,0.628,66273
Black Hawk County,Iowa,14,10.7,10.6,,,130274
Clinton County,Iowa,14,30.2,,0.714,,46344
Des Moines County,Iowa,14,36.6,,,,38293
Dubuque County,Iowa,11,11.1,,,,98677
Johnson County,Iowa,29,18.5,,,,156420
Linn County,Iowa,40,17.5,12.4,0.625,0.357,229033
Polk County,Iowa,146,29.1,18.9,0.466,0.359,501089
Pottawattamie County,Iowa,23,24.7,,,,93173
Scott County,Iowa,27,15.5,10.4,0.593,,173924
Story County,Iowa,10,10,,,,99673
Woodbury County,Iowa,12,11.4,,,,105671
Butler County,Kansas,15,22,,0.667,,68240
Crawford County,Kansas,10,25.6,,,,39078
Douglas County,Kansas,19,15.8,10.7,0.579,,119964
Johnson County,Kansas,104,16.8,8.5,0.625,0.216,619195
Leavenworth County,Kansas,24,29,12.3,0.625,,82892
Reno County,Kansas,22,35.8,24.1,0.5,,61516
Saline County,Kansas,17,31.7,,0.706,,53596
Sedgwick County,Kansas,259,49.3,20.6,0.668,0.132,525525
Shawnee County,Kansas,64,36.1,15.8,0.438,,177480
Wyandotte County,Kansas,78,47.1,14.5,0.577,,165746
Bell County,Kentucky,13,55.2,,,,23568
Boone County,Kentucky,43,30.9,30.3,0.837,0.825,139093
Bourbon County,Kentucky,11,54.7,,0.909,,20093
Boyd County,Kentucky,70,145.5,88.8,0.843,0.571,48110
Boyle County,Kentucky,18,58.2,,0.722,,30904
Breathitt County,Kentucky,10,74.9,,,,13351
Bullitt County,Kentucky,32,38.2,21,0.688,,83836
Campbell County,Kentucky,36,38.6,47.1,0.75,0.773,93300
Carter County,Kentucky,14,53,40.7,0.714,,26395
Christian County,Kentucky,26,35.6,,0.731,,73037
Clark County,Kentucky,22,59.4,41.5,0.545,0.8,37061
Clay County,Kentucky,12,60.3,,,,19913
Daviess County,Kentucky,33,32,14.9,0.394,,103222
Estill County,Kentucky,13,92.6,,,,14044
Fayette County,Kentucky,222,69.3,49.3,0.851,0.742,320347
Floyd County,Kentucky,37,105.8,39,0.486,,34978
Franklin County,Kentucky,32,62,27.6,0.562,,51607
Garrard County,Kentucky,11,62.5,,,,17589
Grant County,Kentucky,12,47.1,,0.833,,25502
Greenup County,Kentucky,10,28.2,39.6,1,,35403
Hardin County,Kentucky,51,45.6,18.1,0.549,,111862
Harlan County,Kentucky,14,54.6,,0.786,,25662
Henderson County,Kentucky,16,36.3,,0.875,,44046
Hopkins County,Kentucky,10,22.3,,,,44812
Jefferson County,Kentucky,609,78.7,42.7,0.824,0.598,773399
Jessamine County,Kentucky,25,46.1,,0.92,,54254
Johnson County,Kentucky,11,49.5,,,,22244
Kenton County,Kentucky,73,42.9,56.5,0.822,0.734,170313
Laurel County,Kentucky,22,35,18.1,0.591,,62885
Lawrence County,Kentucky,12,74.5,,0.917,,16109
Letcher County,Kentucky,13,62.2,,,,20893
Lincoln County,Kentucky,14,57.5,44.7,0.786,,24360
McCracken County,Kentucky,22,32.6,23,,,67490
Madison County,Kentucky,76,79.8,44.5,0.737,0.61,95187
Magoffin County,Kentucky,13,114.5,,,,11357
Marion County,Kentucky,10,50.6,,,,19775
Mason County,Kentucky,11,65,,,,16930
Mercer County,Kentucky,12,52.4,,,,22902
Montgomery County,Kentucky,21,74,42.7,0.762,,28367
Nelson County,Kentucky,20,42.2,,0.5,,47392
Oldham County,Kentucky,11,15.8,,,,69431
Perry County,Kentucky,21,76.8,,0.714,,27361
Pike County,Kentucky,63,111.9,30.8,0.635,,56286
Pulaski County,Kentucky,26,39.5,18.6,0.692,,65795
Rowan County,Kentucky,12,49.2,,0.833,,24388
Scott County,Kentucky,20,33.8,21.4,0.6,,59099
Shelby County,Kentucky,21,43,,0.714,,48886
Taylor County,Kentucky,24,90.9,,0.708,,26407
Warren County,Kentucky,39,27.9,16.8,0.692,,139843
Whitley County,Kentucky,28,75.9,,0.643,,36873
Acadia Parish,Louisiana,32,56.4,,0.625,,56744
Ascension Parish,Louisiana,60,46,33.6,0.883,0.262,130458
Avoyelles Parish,Louisiana,19,49,,0.737,,38751
Bossier Parish,Louisiana,17,13.2,9.4,,,129276
Caddo Parish,Louisiana,33,14.4,11.1,0.364,,229025
Calcasieu Parish,Louisiana,64,31.6,14.8,0.828,,202418
East Baton Rouge Parish,Louisiana,322,71.5,29.4,0.183,0.169,450544
Iberia Parish,Louisiana,23,33.7,16.9,0.87,,68327
Iberville Parish,Louisiana,11,37.3,,1,,29506
Jefferson Parish,Louisiana,276,64.8,37.8,0.779,0.415,425884
Jefferson Davis Parish,Louisiana,23,71.8,,0.87,,32026
Lafayette Parish,Louisiana,121,48.8,20.6,0.793,,247866
Lafourche Parish,Louisiana,40,41.7,16.3,0.725,,95870
Livingston Parish,Louisiana,105,70.7,22.2,0.695,,148425
Natchitoches Parish,Louisiana,15,40.9,,,,36663
Orleans Parish,Louisiana,438,118.5,52.4,0.071,0.083,369749
Ouachita Parish,Louisiana,70,44.4,18.8,0.557,,157702
Rapides Parish,Louisiana,81,63.7,33,0.704,0.349,127189
St. Bernard Parish,Louisiana,28,63,40.6,0.821,,44479
St. Charles Parish,Louisiana,14,27.5,,0.857,,50998
St. James Parish,Louisiana,11,56.6,,1,,19423
St. Landry Parish,Louisiana,31,37.9,13.3,0.355,,81773
St. Martin Parish,Louisiana,21,41,,0.524,,51236
St. Mary Parish,Louisiana,28,58.6,28.1,0.75,,47789
St. Tammany Parish,Louisiana,116,42.4,29.8,0.75,0.312,273263
Tangipahoa Parish,Louisiana,94,68.6,38.9,0.702,,137048
Terrebonne Parish,Louisiana,58,55.4,27,,,104786
Vermilion Parish,Louisiana,14,24.6,,,,56952
Vernon Parish,Louisiana,10,21.2,,,,47247
Washington Parish,Louisiana,29,64.4,66.5,0.828,0.484,45025
West Feliciana Parish,Louisiana,20,130,,0.7,,15381
Androscoggin County,Maine,79,69.9,29.7,0.835,0.562,113023
Aroostook County,Maine,44,65.4,,0.795,,67255
Cumberland County,Maine,155,50.4,29.6,0.826,0.713,307451
Franklin County,Maine,10,32.8,,1,,30474
Hancock County,Maine,23,40.6,,0.87,,56701
Kennebec County,Maine,53,42.2,24.6,0.83,0.7,125540
Knox County,Maine,17,41.3,,0.882,,41164
Lincoln County,Maine,11,30.4,,0.909,,36215
Oxford County,Maine,31,52.1,17.3,0.774,,59495
Penobscot County,Maine,114,74.2,35.6,0.833,0.667,153704
Piscataquis County,Maine,12,68.9,,0.833,,17417
Somerset County,Maine,29,56.8,21.8,0.897,0.909,51098
Waldo County,Maine,18,44.7,,0.833,,40241
Washington County,Maine,24,76.3,,0.708,,31437
York County,Maine,88,40.6,24.8,0.818,0.784,216732
Allegany County,Maryland,44,65.4,56.4,0.886,0.725,67267
Anne Arundel County,Maryland,165,27.8,38.2,0.788,0.786,593286
Baltimore County,Maryland,307,36.3,39.7,0.821,0.799,846161
Calvert County,Maryland,17,18,34.8,0.647,0.875,94573
Caroline County,Maryland,10,29.9,,1,,33433
Carroll County,Maryland,56,31.9,39.8,0.786,0.791,175305
Cecil County,Maryland,77,73.4,52.6,0.87,0.87,104942
Charles County,Maryland,54,31.7,13.6,0.796,0.636,170102
Dorchester County,Maryland,12,36.7,,,,32726
Frederick County,Maryland,61,21.2,32.6,0.738,0.795,287079
Harford County,Maryland,89,33.7,37.4,0.708,0.758,263867
Howard County,Maryland,46,13.7,12.4,0.783,0.7,335411
Montgomery County,Maryland,125,11.9,8.7,0.696,0.505,1052520
Prince George's County,Maryland,192,20.3,13.6,0.771,0.581,946971
St. Mary's County,Maryland,33,28.7,26.6,0.636,0.7,114877
Somerset County,Maryland,13,53,,0.923,,24546
Talbot County,Maryland,16,42.2,37.8,,0.929,37932
Washington County,Maryland,101,64.9,64.4,0.802,0.804,155590
Wicomico County,Maryland,43,41.1,37.8,0.744,0.718,104664
Worcester County,Maryland,19,35.3,23.1,0.632,,53866
Baltimore city,Maryland,987,173.2,150.9,0.866,0.865,569931
Barnstable County,Massachusetts,79,34,35.1,0.81,0.747,232457
Berkshire County,Massachusetts,52,40.7,39.7,0.846,0.7,127859
Bristol County,Massachusetts,295,50.9,44.1,0.892,0.803,580068
Essex County,Massachusetts,287,35.6,33.2,0.878,0.897,806765
Franklin County,Massachusetts,29,40.9,22.7,0.759,0.875,70894
Hampden County,Massachusetts,250,54.2,52.1,0.828,0.799,461041
Hampshire County,Massachusetts,36,22.1,22.3,0.667,0.778,162588
Middlesex County,Massachusetts,404,25,21.7,0.827,0.791,1617100
Norfolk County,Massachusetts,163,22.5,21.2,0.81,0.765,725531
Plymouth County,Massachusetts,185,34.7,26.4,0.832,0.825,533069
Suffolk County,Massachusetts,462,60.3,37.4,0.846,0.813,766381
Worcester County,Massachusetts,371,43,39,0.863,0.817,862927
Allegan County,Michigan,12,9.9,10.2,,,121210
Bay County,Michigan,23,22.4,20.3,0.783,,102821
Berrien County,Michigan,43,28.1,15,0.86,,152900
Calhoun County,Michigan,44,33,35.1,0.727,0.809,133289
Cass County,Michigan,11,21.4,,,,51403
Eaton County,Michigan,15,13.8,15.5,0.867,,108992
Genesee County,Michigan,248,61.7,59.8,0.714,0.654,401983
Grand Traverse County,Michigan,23,23.8,,0.87,,96464
Ingham County,Michigan,121,42.6,32.2,0.826,0.628,284108
Isabella County,Michigan,11,17.1,,,,64447
Jackson County,Michigan,46,28.7,6.3,0.761,,160066
Kalamazoo County,Michigan,57,21.8,20.4,0.544,0.463,261173
Kent County,Michigan,141,21.4,15.5,0.688,0.495,659083
Lapeer County,Michigan,19,21.4,18.2,,,88780
Lenawee County,Michigan,24,24.3,24.5,0.708,0.542,98567
Livingston County,Michigan,21,10.7,13.6,0.762,0.731,196161
Macomb County,Michigan,227,26,33.2,0.811,0.703,874195
Manistee County,Michigan,13,51.4,,,,25287
Midland County,Michigan,10,12,,,,83674
Monroe County,Michigan,35,22.5,24.6,0.8,0.649,155609
Montcalm County,Michigan,18,26.7,,0.722,,67433
Muskegon County,Michigan,83,47,24.8,0.747,0.395,176565
Oakland County,Michigan,251,19.8,9.9,0.745,,1269430
Ottawa County,Michigan,33,11,7.6,0.727,,300873
Saginaw County,Michigan,66,35,22.5,0.909,0.605,188330
St. Clair County,Michigan,36,22.5,28.9,0.694,0.565,160151
St. Joseph County,Michigan,14,23,,,,60874
Shiawassee County,Michigan,14,20.6,30.8,,0.714,68022
Van Buren County,Michigan,19,25.1,,0.579,,75692
Washtenaw County,Michigan,94,25.7,22.7,0.66,0.714,366376
Wayne County,Michigan,981,55.8,47.7,0.833,0.731,1757040
Anoka County,Minnesota,62,16.8,13.6,0.758,0.375,368864
Beltrami County,Minnesota,23,49.1,,0.826,,46799
Blue Earth County,Minnesota,15,21.5,,,,69631
Carver County,Minnesota,10,9.1,,,,110034
Cass County,Minnesota,14,44.8,,,,31274
Clay County,Minnesota,13,19.7,,,,65929
Crow Wing County,Minnesota,14,20.6,,,,67948
Dakota County,Minnesota,45,10.2,5.4,0.667,,443341
Hennepin County,Minnesota,543,43.1,17.5,0.808,0.527,1260120
Olmsted County,Minnesota,57,34.8,16,0.561,,164020
Ramsey County,Minnesota,240,44.7,17.3,0.704,0.147,536413
St. Louis County,Minnesota,80,40.1,15.5,0.675,0.484,199532
Scott County,Minnesota,22,14.2,,0.727,,154520
Stearns County,Minnesota,36,22.4,11.9,0.528,,160405
Washington County,Minnesota,20,7.2,6.6,0.65,,275912
Winona County,Minnesota,10,20.2,21.7,,,49478
DeSoto County,Mississippi,42,21.9,11.5,0.81,,191723
Forrest County,Mississippi,21,26.9,22.7,,,78110
Grenada County,Mississippi,11,52.2,,,,21088
Hancock County,Mississippi,20,43.4,,0.85,,46094
Harrison County,Mississippi,81,38.4,14.5,0.716,0.333,211044
Hinds County,Mississippi,64,29.4,12.7,0.734,,217730
Jackson County,Mississippi,84,57.9,9.1,0.69,,144975
Jones County,Mississippi,11,16.5,,,,66569
Lafayette County,Mississippi,10,17.4,,,,57615
Lamar County,Mississippi,14,21.3,,0.786,,65783
Lee County,Mississippi,16,19.3,,,,82959
Lowndes County,Mississippi,14,24.3,,,,57603
Madison County,Mississippi,18,16.2,,,,111113
Marion County,Mississippi,10,41.6,,,,24050
Panola County,Mississippi,10,30.6,,,,32661
Pearl River County,Mississippi,36,62.9,18.1,0.833,,57261
Pike County,Mississippi,13,32.8,,,,39644
Pontotoc County,Mississippi,10,31.9,,,,31389
Rankin County,Mississippi,30,18.9,9.7,0.633,,158979
Boone County,Missouri,58,30.9,22.3,0.586,0.475,187690
Buchanan County,Missouri,42,50.7,18.1,0.571,,82911
Butler County,Missouri,19,45,44.6,,,42179
Callaway County,Missouri,11,24.6,,0.909,,44762
Cass County,Missouri,20,18.1,12.4,0.65,,110394
Christian County,Missouri,16,17.2,11.5,0.625,,93114
Clay County,Missouri,67,26.1,13.8,0.582,,257033
Cole County,Missouri,12,15.6,,,,76969
Franklin County,Missouri,50,47.2,37.6,0.6,0.641,105879
Greene County,Missouri,144,47.5,29.2,0.625,0.4,303293
Jackson County,Missouri,341,47.6,23.5,0.566,0.115,716531
Jasper County,Missouri,25,20.1,,0.52,,124075
Jefferson County,Missouri,85,37.1,43.2,0.812,0.691,229336
Lincoln County,Missouri,15,23.8,20.8,,,63155
Marion County,Missouri,11,38.7,,,,28438
Newton County,Missouri,11,18.3,25.8,,,60011
Phelps County,Missouri,23,50.8,,0.826,,45313
Platte County,Missouri,20,18.1,13.6,0.85,,110534
Pulaski County,Missouri,31,57.5,25,0.677,,53941
St. Charles County,Missouri,98,23.7,26.1,0.704,0.721,413803
St. Francois County,Missouri,42,62.7,27,0.429,,66969
St. Louis County,Missouri,349,35.2,36.8,0.762,0.787,990414
Taney County,Missouri,17,29.9,,,,56821
Texas County,Missouri,14,55.3,,0.786,,25336
Warren County,Missouri,16,42.9,34.5,0.75,,37260
Washington County,Missouri,11,46.9,,,,23441
St. Louis city,Missouri,438,152.8,107.8,0.913,0.838,286578
Cascade County,Montana,17,20,13.5,,,84864
Flathead County,Montana,21,18.8,10.8,0.476,,111814
Gallatin County,Montana,12,9.6,,,,124857
Lake County,Montana,11,33.5,,0.909,,32853
Lewis and Clark County,Montana,10,13.5,,,,73832
Missoula County,Montana,18,14.9,14.3,,,121041
Silver Bow County,Montana,16,44.4,,,,36068
Yellowstone County,Montana,33,19.4,18.7,0.515,,169852
Douglas County,Nebraska,124,21.1,10.2,0.548,0.224,586327
Lancaster County,Nebraska,37,11.4,9.8,0.486,,324756
Sarpy County,Nebraska,14,7.1,8.7,,,196553
Clark County,Nevada,677,29.1,23.9,0.414,0.136,2322980
Elko County,Nevada,22,40.7,,0.773,,54046
Lyon County,Nevada,13,21.1,32.3,,,61585
Nye County,Nevada,35,63.9,33.2,,,54738
Washoe County,Nevada,262,52.7,27.3,0.55,0.142,496745
Carson City,Nevada,21,36.1,30.8,,,58130
Belknap County,New Hampshire,17,26.2,39.3,1,0.75,64781
Carroll County,New Hampshire,12,23,22.6,0.833,,52199
Cheshire County,New Hampshire,20,25.9,36.9,0.65,0.893,77350
Coos County,New Hampshire,22,69.8,,0.864,,31504
Grafton County,New Hampshire,29,31.8,21.2,0.931,0.842,91126
Hillsborough County,New Hampshire,190,44.5,40,0.905,0.898,426594
Merrimack County,New Hampshire,43,27.6,33.9,0.837,0.882,156020
Rockingham County,New Hampshire,76,23.8,28.2,0.763,0.805,319424
Strafford County,New Hampshire,51,38.6,39.3,0.863,0.765,132275
Sullivan County,New Hampshire,14,31.8,,0.857,,43958
Atlantic County,New Jersey,234,84.9,64.8,0.897,0.789,275638
Bergen County,New Jersey,136,14.3,14.3,0.801,0.586,952997
Burlington County,New Jersey,128,27.5,34.9,0.805,0.832,466103
Camden County,New Jersey,331,63.1,61,0.828,0.767,524907
Cape May County,New Jersey,32,33.5,37.9,0.75,0.829,95634
Cumberland County,New Jersey,90,59.5,67.7,0.856,0.863,151356
Essex County,New Jersey,403,47.4,42.2,0.896,0.804,849477
Gloucester County,New Jersey,83,27.1,55.9,0.819,0.822,306601
Hudson County,New Jersey,165,23.5,22,0.842,0.723,703366
Hunterdon County,New Jersey,15,11.6,14.4,0.733,,129777
Mercer County,New Jersey,128,33.6,34.5,0.836,0.772,380688
Middlesex County,New Jersey,216,25.1,24.2,0.838,0.815,861418
Monmouth County,New Jersey,147,22.8,35.1,0.803,0.789,644098
Morris County,New Jersey,79,15.5,20.1,0.785,0.919,511151
Ocean County,New Jersey,168,25.6,36.6,0.708,0.718,655735
Passaic County,New Jersey,135,26.3,28,0.815,0.801,513936
Salem County,New Jersey,19,29.2,47.8,0.895,0.967,65117
Somerset County,New Jersey,45,13,14.8,0.889,0.694,346875
Sussex County,New Jersey,36,24.6,25.6,0.861,0.75,146084
Union County,New Jersey,153,26.9,23.9,0.935,0.767,569815
Warren County,New Jersey,32,28.8,26.5,0.688,0.75,110926
Bernalillo County,New Mexico,430,63.9,32,0.674,0.244,672508
Chaves County,New Mexico,28,43.8,20.1,,,63894
Curry County,New Mexico,16,33.7,,,,47532
Dona Ana County,New Mexico,58,26,15.6,0.603,,223337
Eddy County,New Mexico,21,34.8,29.4,0.571,,60400
Grant County,New Mexico,11,39.7,,,,27686
Lea County,New Mexico,21,29,17.3,0.476,,72452
McKinley County,New Mexico,11,15.8,13.9,,,69830
Otero County,New Mexico,22,32,16.5,,,68823
Rio Arriba County,New Mexico,50,124.9,64.1,0.8,,40048
Sandoval County,New Mexico,29,18.9,17.2,0.69,,153501
San Juan County,New Mexico,43,35.7,17.5,0.302,,120418
San Miguel County,New Mexico,23,85.3,,0.696,,26953
Santa Fe County,New Mexico,83,53.3,24.7,0.747,0.378,155664
Socorro County,New Mexico,10,62.1,,,,16115
Taos County,New Mexico,16,46.3,30.6,0.625,,34580
Valencia County,New Mexico,24,30.7,30.1,0.583,,78080
Albany County,New York,117,37,19.6,0.744,0.717,315811
Allegany County,New York,12,25.7,,0.833,,46694
Bronx County,New York,916,66.4,28.7,0.825,0.62,1379950
Broome County,New York,95,48.2,24,0.579,0.457,197117
Cattaraugus County,New York,36,47.1,,0.75,,76439
Cayuga County,New York,19,25.3,19.4,0.684,0.733,74998
Chautauqua County,New York,55,43.6,17.3,0.891,0.773,126027
Chemung County,New York,35,43,21.4,0.8,,81426
Chenango County,New York,22,47.4,,,,46458
Clinton County,New York,22,27.9,,0.591,,78753
Columbia County,New York,16,26.1,18.4,,,61286
Cortland County,New York,13,28.2,,0.846,,46126
Delaware County,New York,11,24.6,,,,44740
Dutchess County,New York,127,42.7,29.9,0.803,0.761,297545
Erie County,New York,394,41.5,22.7,0.805,0.66,950312
Franklin County,New York,11,23.7,,,,46373
Fulton County,New York,21,39.9,,0.667,,52669
Genesee County,New York,13,22.6,27.8,0.846,0.688,57535
Greene County,New York,11,22.9,,,,48061
Herkimer County,New York,16,26.7,,0.688,,59822
Jefferson County,New York,23,19.7,9.8,0.783,,116637
Kings County,New York,794,30.7,12.8,0.805,0.553,2590520
Livingston County,New York,12,19.5,19,0.917,,61516
Madison County,New York,18,26.8,,0.722,,67097
Monroe County,New York,346,46,32.6,0.806,0.715,752035
Montgomery County,New York,10,20.2,22.3,,,49623
Nassau County,New York,234,16.9,12.5,0.803,0.512,1383730
New York County,New York,637,39.9,21.2,0.757,0.59,1596270
Niagara County,New York,90,42.7,19,0.689,0.65,210880
Oneida County,New York,77,33.6,15.7,0.818,0.583,228846
Onondaga County,New York,191,40.8,25.1,0.728,0.578,468249
Ontario County,New York,17,15.1,11.8,0.588,,112707
Orange County,New York,133,32.8,30.6,0.857,0.632,405941
Oswego County,New York,29,24.5,10.2,0.759,,118287
Otsego County,New York,18,29.7,,0.833,,60636
Putnam County,New York,18,18.4,18.2,0.833,0.722,98045
Queens County,New York,494,21.7,10.3,0.763,0.468,2278030
Rensselaer County,New York,50,31.3,13.2,0.74,0.857,159853
Richmond County,New York,164,33.4,24.6,0.768,0.675,491133
Rockland County,New York,47,13.9,12.6,0.766,0.634,339022
St. Lawrence County,New York,19,17.6,,0.842,,107733
Saratoga County,New York,36,15.1,9.6,0.639,0.727,238797
Schenectady County,New York,49,30.6,18.7,0.857,0.517,160093
Steuben County,New York,27,29.2,,0.815,,92599
Suffolk County,New York,537,35.2,24.7,0.778,0.648,1525460
Sullivan County,New York,43,54,33.2,0.86,0.72,79658
Tioga County,New York,11,23,,,,47772
Tompkins County,New York,33,31.5,15.6,0.697,,104777
Ulster County,New York,70,38.4,29.1,0.786,0.615,182319
Warren County,New York,15,22.9,,0.867,,65599
Washington County,New York,14,23,,0.929,,60841
Wayne County,New York,19,20.9,17.7,0.632,0.688,91125
Westchester County,New York,177,17.9,13.4,0.655,0.562,990427
Alamance County,North Carolina,45,25.5,13.8,0.822,0.522,176353
Beaufort County,North Carolina,18,40.7,27.6,0.722,,44272
Bladen County,North Carolina,18,61.1,,0.833,,29446
Brunswick County,North Carolina,46,30.1,17.5,0.522,,153064
Buncombe County,North Carolina,188,68.7,44.7,0.771,0.569,273589
Burke County,North Carolina,46,52.3,17.7,0.804,,87881
Cabarrus County,North Carolina,62,26.3,27.4,0.758,0.759,235797
Caldwell County,North Carolina,28,34.8,21.9,0.679,0.556,80492
Carteret County,North Carolina,36,51.9,24.5,0.833,0.647,69380
Catawba County,North Carolina,61,37.3,13.2,0.803,0.524,163462
Chatham County,North Carolina,17,21.3,,0.824,,79864
Cherokee County,North Carolina,14,47.4,,,,29512
Cleveland County,North Carolina,35,34.8,,0.714,,100670
Columbus County,North Carolina,15,30.1,19.7,0.733,,49885
Craven County,North Carolina,71,70.4,37.1,0.789,0.684,100874
Cumberland County,North Carolina,171,50.8,26.4,0.772,0.636,336699
Dare County,North Carolina,14,36.9,46.4,0.786,0.647,37956
Davidson County,North Carolina,80,46.4,19.8,0.85,0.424,172586
Davie County,North Carolina,17,38.6,,0.941,,44090
Duplin County,North Carolina,12,24.5,,0.833,,48990
Durham County,North Carolina,137,41.2,23,0.73,0.521,332680
Edgecombe County,North Carolina,15,31.1,19.2,0.867,,48301
Forsyth County,North Carolina,210,54,30.6,0.81,0.621,389157
Franklin County,North Carolina,21,28.2,31.1,0.714,0.905,74539
Gaston County,North Carolina,139,59.3,15.3,0.806,0.441,234215
Granville County,North Carolina,18,29.1,,0.833,,61903
Guilford County,North Carolina,227,41.6,26.5,0.762,0.589,546101
Halifax County,North Carolina,18,37.6,31.6,0.778,0.75,47848
Harnett County,North Carolina,51,36.7,25.3,0.902,0.618,138832
Haywood County,North Carolina,22,35.1,37.2,0.682,,62609
Henderson County,North Carolina,40,33.9,14.6,0.825,0.765,118106
Hoke County,North Carolina,18,33.5,18.3,0.889,,53787
Iredell County,North Carolina,41,20.9,15.1,0.878,0.37,195897
Jackson County,North Carolina,20,46.6,29.8,0.85,,42955
Johnston County,North Carolina,48,20.4,10.4,0.792,,234778
Lee County,North Carolina,29,44.3,21.2,0.793,,65476
Lenoir County,North Carolina,17,31.1,,0.941,,54633
Lincoln County,North Carolina,20,21.5,11.9,0.7,,93095
McDowell County,North Carolina,19,42.5,,0.842,,44753
Macon County,North Carolina,14,36.8,,1,,38065
Mecklenburg County,North Carolina,380,33.2,21.7,0.776,0.582,1145390
Montgomery County,North Carolina,13,50.2,,1,,25894
Moore County,North Carolina,45,42.6,11.1,0.822,,105531
Nash County,North Carolina,39,40.7,27.6,0.872,0.654,95789
New Hanover County,North Carolina,102,43.4,43.9,0.784,0.618,234921
Onslow County,North Carolina,77,37.1,24.9,0.831,0.571,207298
Orange County,North Carolina,30,19.9,24.3,0.667,0.5,150477
Pasquotank County,North Carolina,22,53.7,,0.909,,40938
Pender County,North Carolina,19,28.9,19.3,0.737,,65737
Pitt County,North Carolina,112,64.5,26.7,0.741,0.458,173542
Randolph County,North Carolina,85,58.2,26.5,0.941,0.658,146043
Richmond County,North Carolina,29,67.8,,0.793,,42778
Robeson County,North Carolina,99,84.9,23.5,0.808,0.516,116663
Rockingham County,North Carolina,51,55.5,32,0.824,0.655,91957
Rowan County,North Carolina,91,60.8,30.5,0.802,0.651,149645
Rutherford County,North Carolina,41,63.1,19.5,0.756,,64963
Sampson County,North Carolina,11,18.6,22.1,0.909,,59120
Scotland County,North Carolina,21,61.5,,0.714,,34162
Stanly County,North Carolina,17,26.5,37,0.824,0.739,64153
Stokes County,North Carolina,18,39.8,30.8,0.722,,45175
Surry County,North Carolina,35,49,32,0.8,0.565,71403
Swain County,North Carolina,10,71.6,70.2,,,13967
Union County,North Carolina,32,12.8,8.9,0.719,,249070
Vance County,North Carolina,21,49.8,35.8,0.857,0.812,42138
Wake County,North Carolina,233,19.8,12.9,0.777,0.546,1175020
Watauga County,North Carolina,12,21.8,,,,55089
Wayne County,North Carolina,23,19.6,20.3,0.783,0.56,117286
Wilkes County,North Carolina,18,27.4,26.3,0.556,,65784
Wilson County,North Carolina,36,45.9,,0.861,,78449
Yadkin County,North Carolina,16,42.7,,0.938,,37463
Burleigh County,North Dakota,31,31.2,,0.677,,99280
Cass County,North Dakota,50,25.9,11.6,0.72,,192734
Grand Forks County,North Dakota,10,13.8,,,,72413
Ward County,North Dakota,15,21.8,,,,68870
Adams County,Ohio,14,51.1,39.7,,,27420
Allen County,Ohio,54,53.4,18.5,0.685,0.526,101115
Ashtabula County,Ohio,42,43.3,30.7,0.667,0.667,97014
Athens County,Ohio,26,44.1,,0.885,,58979
Belmont County,Ohio,26,39.7,28.1,0.577,,65509
Brown County,Ohio,22,50.4,41.3,0.818,0.833,43680
Butler County,Ohio,186,47.9,39,0.86,0.718,388420
Clark County,Ohio,65,48.2,49.1,0.754,0.818,134831
Clermont County,Ohio,51,24.2,26.8,0.804,0.691,210805
Clinton County,Ohio,21,50,28.5,0.857,,41964
Columbiana County,Ohio,34,33.8,32.2,,,100511
Cuyahoga County,Ohio,599,48.5,44.1,0.795,0.768,1236040
Darke County,Ohio,13,25.2,29.2,,0.8,51529
Defiance County,Ohio,11,28.8,,,,38187
Delaware County,Ohio,21,9.3,12.2,0.714,0.6,226296
Erie County,Ohio,25,33.6,28.2,0.76,0.714,74501
Fairfield County,Ohio,55,33.8,16.7,0.727,0.5,162898
Fayette County,Ohio,14,48.5,,0.786,,28839
Franklin County,Ohio,904,68.4,43.4,0.814,0.774,1321820
Fulton County,Ohio,10,23.7,,,,42171
Gallia County,Ohio,15,51.6,43.4,0.867,0.769,29068
Greene County,Ohio,45,26.7,23.3,0.756,0.744,168456
Guernsey County,Ohio,17,44.6,28.2,,,38098
Hamilton County,Ohio,403,48.8,55.4,0.804,0.805,825037
Hancock County,Ohio,26,34.7,30.3,0.808,0.565,74861
Highland County,Ohio,14,32.3,,0.786,,43391
Hocking County,Ohio,16,57.4,,1,,27858
Huron County,Ohio,17,29.2,32.6,0.765,0.789,58218
Jackson County,Ohio,16,49.1,37.1,,,32586
Jefferson County,Ohio,39,60.6,33.4,0.359,,64330
Lake County,Ohio,79,34.1,32.2,0.772,0.797,231842
Lawrence County,Ohio,29,51.2,35.1,0.862,0.81,56653
Licking County,Ohio,45,24.8,22.2,0.289,,181359
Logan County,Ohio,10,21.7,,1,,46040
Lorain County,Ohio,121,38.3,31.4,0.785,0.691,316268
Lucas County,Ohio,255,59.8,43.8,0.824,0.697,426643
Mahoning County,Ohio,149,66,53.7,0.846,0.675,225636
Marion County,Ohio,47,72.7,41.3,0.787,0.778,64642
Medina County,Ohio,25,13.6,11.2,0.84,0.75,183512
Meigs County,Ohio,21,95.6,60.7,0.81,0.714,21969
Miami County,Ohio,25,22.7,19.8,0.8,0.81,110247
Montgomery County,Ohio,354,66.3,57,0.749,0.818,533892
Muskingum County,Ohio,30,34.8,45.3,0.833,0.41,86113
Ottawa County,Ohio,11,27.5,,0.909,,39978
Perry County,Ohio,16,45.1,,0.875,,35480
Pickaway County,Ohio,14,23.3,24.1,0.929,,60023
Pike County,Ohio,18,66.7,35.8,,,27005
Portage County,Ohio,40,24.7,14.2,0.7,0.696,161745
Preble County,Ohio,14,34.5,24.4,0.929,,40596
Richland County,Ohio,54,43.1,42.2,0.759,0.706,125319
Ross County,Ohio,61,79.6,45.5,0.82,0.743,76606
Sandusky County,Ohio,21,35.8,25.5,0.905,,58667
Scioto County,Ohio,86,119.1,68.9,0.837,0.808,72194
Seneca County,Ohio,13,23.8,23.6,,,54632
Stark County,Ohio,173,46.4,23.2,0.636,0.628,372657
Summit County,Ohio,255,47.6,30.3,0.788,0.701,535882
Trumbull County,Ohio,134,66.8,42.8,0.91,0.776,200643
Tuscarawas County,Ohio,20,21.8,10.9,0.65,,91937
Vinton County,Ohio,11,87.5,,,,12565
Warren County,Ohio,46,18.4,19.4,0.761,0.778,249778
Washington County,Ohio,21,35.7,16.6,0.81,,58901
Wayne County,Ohio,27,23.2,12.1,0.815,,116559
Wood County,Ohio,19,14.4,13,0.789,0.647,131592
Bryan County,Oklahoma,15,31.1,23.3,,,48182
Canadian County,Oklahoma,18,10.6,9.7,0.667,,169149
Carter County,Oklahoma,10,20.6,22.8,,,48510
Cherokee County,Oklahoma,14,29.1,,,,48098
Cleveland County,Oklahoma,44,14.7,16.7,0.5,,299587
Comanche County,Oklahoma,34,27.6,13.3,0.441,,123046
Creek County,Oklahoma,20,27.5,19.5,0.5,,72699
Delaware County,Oklahoma,11,26.6,,,,41413
Garfield County,Oklahoma,14,22.6,,,,61920
Grady County,Oklahoma,11,19.4,,,,56658
Le Flore County,Oklahoma,10,20.4,,,,48907
Muskogee County,Oklahoma,18,27.1,27.8,,,66354
Oklahoma County,Oklahoma,328,40.9,19.4,0.674,0.078,802559
Okmulgee County,Oklahoma,13,35.1,,,,36990
Osage County,Oklahoma,10,21.8,,,,45839
Payne County,Oklahoma,12,14.5,,,,82794
Pittsburg County,Oklahoma,18,41.3,,,,43613
Pottawatomie County,Oklahoma,27,36.7,30.3,0.37,,73533
Rogers County,Oklahoma,14,14.2,,,,98836
Sequoyah County,Oklahoma,13,32.8,,,,39667
Stephens County,Oklahoma,13,29.7,,,,43710
Tulsa County,Oklahoma,333,49.2,22.1,0.634,0.105,677358
Wagoner County,Oklahoma,19,21.9,,0.632,,86644
Washington County,Oklahoma,17,31.9,,0.588,,53242
Benton County,Oregon,14,14.3,,,,97630
Clackamas County,Oregon,83,19.6,6.3,0.639,,423177
Clatsop County,Oregon,16,38.4,,,,41695
Coos County,Oregon,24,36.9,18.7,0.667,,64990
Curry County,Oregon,12,50.9,,,,23598
Deschutes County,Oregon,33,16,7.3,0.697,,206549
Douglas County,Oregon,51,45.4,13.6,0.569,,112297
Jackson County,Oregon,77,34.7,21.4,0.74,,221644
Josephine County,Oregon,39,44.5,19.5,0.641,,87730
Klamath County,Oregon,20,28.5,17.7,0.5,,70212
Lane County,Oregon,208,54.4,16.1,0.644,,382353
Lincoln County,Oregon,22,43.3,,0.591,,50813
Linn County,Oregon,31,23.8,,0.677,,130467
Malheur County,Oregon,11,34.5,,,,31879
Marion County,Oregon,95,27.4,9.3,0.589,,346703
Multnomah County,Oregon,510,64.1,23.9,0.68,0.181,795083
Polk County,Oregon,11,12.3,,,,89614
Tillamook County,Oregon,10,36.3,,,,27574
Umatilla County,Oregon,17,21.2,,0.588,,80215
Washington County,Oregon,88,14.7,7.9,0.568,0.255,600176
Yamhill County,Oregon,19,17.6,,,,108226
Allegheny County,Pennsylvania,708,57.4,42.6,0.815,0.707,1233250
Armstrong County,Pennsylvania,17,26.3,38.3,,,64747
Beaver County,Pennsylvania,70,42.3,28.6,0.671,0.447,165677
Bedford County,Pennsylvania,12,25.3,,,,47418
Berks County,Pennsylvania,127,29.5,20.7,0.803,0.701,430449
Blair County,Pennsylvania,60,49.6,20.4,0.683,,121032
Bradford County,Pennsylvania,10,16.7,16.4,,,59866
Bucks County,Pennsylvania,175,27.1,34.6,0.749,0.318,645054
Butler County,Pennsylvania,68,34.5,30.9,0.853,0.741,197300
Cambria County,Pennsylvania,94,71.5,44.9,0.681,0.373,131441
Carbon County,Pennsylvania,28,42.8,35.8,0.393,,65460
Centre County,Pennsylvania,15,9.5,11.1,,,158425
Chester County,Pennsylvania,98,18,22.6,0.765,0.678,545823
Clarion County,Pennsylvania,11,29.5,31,,,37346
Clearfield County,Pennsylvania,23,29.5,21.4,0.826,,77904
Columbia County,Pennsylvania,18,27.7,21.5,0.833,,64926
Crawford County,Pennsylvania,12,14.5,21.1,,0.611,82670
Cumberland County,Pennsylvania,33,12.3,19.1,0.758,0.5,268579
Dauphin County,Pennsylvania,118,40.9,42.6,0.271,0.407,288800
Delaware County,Pennsylvania,151,26.3,33.8,0.656,0.576,575182
Elk County,Pennsylvania,11,36.1,,,,30477
Erie County,Pennsylvania,108,40.3,26.1,0.843,0.62,267689
Fayette County,Pennsylvania,77,61.2,34.5,0.792,,125755
Franklin County,Pennsylvania,26,16.6,15.5,0.615,0.625,156902
Greene County,Pennsylvania,17,49,32.7,0.647,,34663
Huntingdon County,Pennsylvania,15,34.7,,1,,43281
Indiana County,Pennsylvania,40,48.2,27.2,0.925,0.565,82957
Jefferson County,Pennsylvania,14,32,,,,43794
Lackawanna County,Pennsylvania,91,42.2,45.7,0.802,0.781,215615
Lancaster County,Pennsylvania,108,19.4,19.1,0.731,0.327,556629
Lawrence County,Pennsylvania,78,91.9,45.3,0.808,0.795,84849
Lebanon County,Pennsylvania,37,25.7,7.1,0.649,,144011
Lehigh County,Pennsylvania,178,47.3,35.3,0.792,0.231,376317
Luzerne County,Pennsylvania,168,51.5,50,0.25,0.346,326369
Lycoming County,Pennsylvania,29,25.6,24.6,,0.357,113104
McKean County,Pennsylvania,11,27.6,,,,39866
Mercer County,Pennsylvania,49,44.9,47.1,0.755,0.404,109220
Mifflin County,Pennsylvania,16,34.8,23.8,,,45988
Monroe County,Pennsylvania,57,34.1,14.2,0.544,,167198
Montgomery County,Pennsylvania,182,21,23.7,0.599,0.77,864683
Montour County,Pennsylvania,22,121.6,104.2,,,18091
Northampton County,Pennsylvania,76,23.9,25.3,0.829,0.597,318526
Northumberland County,Pennsylvania,27,30,28.5,0.815,0.423,90133
Perry County,Pennsylvania,12,26,21.7,,,46114
Philadelphia County,Pennsylvania,1388,88.6,70.3,0.795,0.683,1567260
Pike County,Pennsylvania,15,24.8,25.1,0.867,,60558
Schuylkill County,Pennsylvania,61,42.6,32.4,0.754,0.739,143104
Somerset County,Pennsylvania,36,49.5,21.7,0.861,,72710
Susquehanna County,Pennsylvania,11,28.9,29.6,,,38074
Venango County,Pennsylvania,20,40.2,,0.75,,49777
Washington County,Pennsylvania,80,38,30.4,0.888,0.794,210383
Wayne County,Pennsylvania,10,19.5,31.1,,0.75,51173
Westmoreland County,Pennsylvania,114,32.4,33.4,,,352057
York County,Pennsylvania,149,32.3,30.6,0.725,0.365,461058
Bristol County,Rhode Island,12,23.8,,,,50360
Kent County,Rhode Island,71,41.5,37.8,0.69,0.71,171275
Newport County,Rhode Island,19,22.5,18.2,0.632,,84481
Providence County,Rhode Island,319,48.5,38.8,0.73,0.672,657288
Washington County,Rhode Island,26,19.9,13.5,0.808,0.647,130330
Aiken County,South Carolina,87,50,14.2,0.77,0.417,174150
Anderson County,South Carolina,75,35.8,16,0.573,,209581
Barnwell County,South Carolina,11,53.9,,,,20414
Beaufort County,South Carolina,44,22.4,11.6,0.795,0.455,196371
Berkeley County,South Carolina,68,27.7,18.1,0.691,0.35,245117
Charleston County,South Carolina,232,55.3,30.8,0.733,0.496,419279
Cherokee County,South Carolina,19,33.9,,0.684,,56121
Chester County,South Carolina,10,31.3,,,,31931
Chesterfield County,South Carolina,13,29.8,,0.769,,43683
Colleton County,South Carolina,15,38.9,,,,38599
Darlington County,South Carolina,26,41.7,,0.731,,62398
Dillon County,South Carolina,19,68.5,,0.737,,27738
Dorchester County,South Carolina,36,21.7,19.9,0.611,0.5,166133
Florence County,South Carolina,79,57.8,25.3,0.671,0.4,136721
Georgetown County,South Carolina,44,68,37,0.864,,64722
Greenville County,South Carolina,284,51.8,32.1,0.743,0.594,547950
Greenwood County,South Carolina,34,49.1,31.2,0.765,0.591,69267
Horry County,South Carolina,218,56.9,32.3,0.748,0.514,383101
Jasper County,South Carolina,27,84.3,,0.815,,32039
Kershaw County,South Carolina,25,36.9,19.8,0.84,,67751
Lancaster County,South Carolina,48,45.9,15.8,0.792,0.8,104577
Laurens County,South Carolina,29,42.7,26.9,0.759,,67965
Lexington County,South Carolina,106,34.8,20.4,0.726,0.45,304797
Newberry County,South Carolina,12,31.4,,,,38247
Oconee County,South Carolina,21,26.2,21.7,0.524,,80180
Orangeburg County,South Carolina,38,45.7,12.6,0.579,,83094
Pickens County,South Carolina,53,39.7,27.9,0.604,0.371,133462
Richland County,South Carolina,128,30.4,20.5,0.695,0.318,421566
Spartanburg County,South Carolina,195,56.4,24.8,0.738,0.462,345831
Sumter County,South Carolina,42,40.4,26.3,0.857,,104012
Union County,South Carolina,17,63.5,,0.765,,26752
Williamsburg County,South Carolina,18,59.9,,0.722,,30058
York County,South Carolina,107,36.4,21.2,0.841,0.586,294248
Minnehaha County,South Dakota,27,13.2,14.7,0.37,,203971
Pennington County,South Dakota,22,19.2,,0.455,,114461
Anderson County,Tennessee,68,86.2,36.7,0.809,0.393,78913
Bedford County,Tennessee,13,25,22.4,0.769,,51950
Blount County,Tennessee,51,36.4,31.2,0.882,0.39,139958
Bradley County,Tennessee,34,30.7,18.7,0.529,,110616
Campbell County,Tennessee,39,98.5,,0.436,,39584
Carter County,Tennessee,30,53.2,23,0.5,,56410
Cheatham County,Tennessee,25,59.8,46.9,0.92,0.632,41830
Claiborne County,Tennessee,19,58.6,37.7,,,32431
Cocke County,Tennessee,36,97.6,,0.611,,36879
Coffee County,Tennessee,28,46.9,30.4,0.5,,59728
Cumberland County,Tennessee,44,69.3,,0.795,,63522
Davidson County,Tennessee,637,90,51.7,0.802,0.563,708144
DeKalb County,Tennessee,10,47.6,,,,21003
Dickson County,Tennessee,37,66.4,31.8,0.784,0.647,55761
Fentress County,Tennessee,10,51.7,,,,19332
Franklin County,Tennessee,10,22.8,,,,43942
Gibson County,Tennessee,11,21.6,,,,50837
Giles County,Tennessee,11,36,,,,30554
Grainger County,Tennessee,10,41.2,,,,24277
Greene County,Tennessee,38,53.2,24.6,0.763,,71405
Hamblen County,Tennessee,31,47.6,,0.742,,65168
Hamilton County,Tennessee,236,63,27.7,0.737,0.356,374682
Hardeman County,Tennessee,24,94,,0.75,,25529
Hardin County,Tennessee,10,36.9,,,,27077
Hawkins County,Tennessee,20,34.5,21.2,0.6,,58043
Henderson County,Tennessee,10,35.8,,,,27929
Henry County,Tennessee,11,34,,,,32379
Jefferson County,Tennessee,26,45.8,,0.462,,56727
Johnson County,Tennessee,13,71.9,,,,18086
Knox County,Tennessee,550,111.2,64.1,0.793,0.589,494574
Lawrence County,Tennessee,20,44,27.4,0.6,,45415
Loudon County,Tennessee,23,39.5,,0.826,,58181
McMinn County,Tennessee,19,34.7,22.5,,,54719
Macon County,Tennessee,11,41.9,,,,26229
Madison County,Tennessee,46,46.3,17.4,0.674,,99245
Marion County,Tennessee,15,51.6,,0.733,,29094
Marshall County,Tennessee,10,27.9,,,,35878
Maury County,Tennessee,37,34.2,28.6,0.757,0.556,108159
Monroe County,Tennessee,30,62.8,41.1,0.567,,47740
Montgomery County,Tennessee,68,28.9,29.2,0.824,0.433,235201
Morgan County,Tennessee,11,51.8,,,,21224
Putnam County,Tennessee,26,31.6,16.5,0.654,,82382
Rhea County,Tennessee,16,47.4,,0.75,,33730
Roane County,Tennessee,60,108.9,45.1,0.817,,55082
Robertson County,Tennessee,33,43.7,,0.939,,75470
Rutherford County,Tennessee,109,30.2,26.5,0.789,0.547,360619
Sevier County,Tennessee,58,58.7,39.8,0.69,0.692,98789
Shelby County,Tennessee,668,72.9,20.1,0.807,0.585,916371
Smith County,Tennessee,13,63.4,,1,,20489
Sullivan County,Tennessee,76,47.3,31.7,0.684,0.34,160820
Sumner County,Tennessee,42,20.6,12.3,0.714,0.609,203858
Tipton County,Tennessee,15,24.3,21.1,0.8,,61656
Trousdale County,Tennessee,11,90.8,,0.909,,12111
Union County,Tennessee,10,48.9,,,,20452
Washington County,Tennessee,83,61,16.3,0.566,,136172
White County,Tennessee,14,49.9,,,,28064
Williamson County,Tennessee,31,11.9,12.5,0.71,0.414,260815
Wilson County,Tennessee,48,30.3,17,0.792,0.625,158555
Angelina County,Texas,19,21.8,13.8,,,87101
Bell County,Texas,60,15.4,10.1,0.317,,388386
Bexar County,Texas,484,23.5,12,0.407,,2059530
Bowie County,Texas,24,26.1,,,,92035
Brazoria County,Texas,62,16,8.7,0.565,,388181
Brazos County,Texas,26,10.7,5.3,,,242014
Burnet County,Texas,11,21,,,,52502
Cameron County,Texas,28,6.6,3.3,0.429,,425208
Collin County,Texas,123,10.6,8.1,0.569,,1158700
Comal County,Texas,14,7.6,6.8,,,184642
Coryell County,Texas,10,11.8,,,,85057
Dallas County,Texas,644,24.8,13.2,0.418,0.089,2600840
Denton County,Texas,87,8.9,4.9,0.494,,977281
Ector County,Texas,40,24.9,11.1,0.4,,160869
Ellis County,Texas,18,8.5,,,,212182
El Paso County,Texas,163,18.8,9.6,0.521,,868763
Fort Bend County,Texas,78,8.8,5.7,0.615,0.222,889146
Galveston County,Texas,71,19.9,14.8,0.451,,357117
Grayson County,Texas,19,13.3,,,,143131
Gregg County,Texas,11,8.8,9.7,,,125443
Guadalupe County,Texas,10,5.5,,,,182760
Harris County,Texas,1116,23.3,13.3,0.506,0.183,4780910
Harrison County,Texas,10,14.3,,,,69955
Hays County,Texas,30,11.1,7.6,0.633,,269225
Henderson County,Texas,12,14.2,19.5,,,84511
Hidalgo County,Texas,51,5.7,3.6,,,888367
Hill County,Texas,11,29.5,,,,37329
Hood County,Texas,13,19.6,,,,66373
Hunt County,Texas,23,21.2,,,,108282
Jefferson County,Texas,75,29.9,12.6,0.387,,250830
Johnson County,Texas,13,6.6,11.1,,,195506
Kaufman County,Texas,11,6.4,13.3,,,172366
Liberty County,Texas,16,15.7,,,,101992
Lubbock County,Texas,53,16.7,19.5,0.396,,317561
McLennan County,Texas,30,11.2,14.6,,,266836
Midland County,Texas,24,14,8.7,,,171999
Montgomery County,Texas,121,17.8,11.4,0.438,0.269,678490
Nacogdoches County,Texas,10,15.4,,,,64862
Nueces County,Texas,88,25,15.7,0.386,,351674
Orange County,Texas,27,31.8,,0.593,,84934
Parker County,Texas,24,14.5,,0.417,,165834
Potter County,Texas,35,30.3,19.4,0.371,,115645
Randall County,Texas,23,15.7,9.6,,,146140
Rockwall County,Texas,16,13,12.9,,,123208
Smith County,Texas,35,14.5,7,0.343,,241922
Tarrant County,Texas,437,20.3,8.5,0.405,0.062,2154600
Taylor County,Texas,34,23.4,9.5,,,145163
Tom Green County,Texas,12,10.1,,,,118892
Travis County,Texas,404,30.5,13.9,0.619,0.116,1326440
Victoria County,Texas,14,15.4,,,,91065
Waller County,Texas,10,16.2,,,,61894
Webb County,Texas,56,20.9,9.8,0.554,,267780
Wichita County,Texas,41,31.5,12.9,0.488,,129978
Williamson County,Texas,90,13.4,6.5,0.478,,671418
Wood County,Texas,10,21.3,,,,46857
Cache County,Utah,13,9.3,11.9,,,140173
Davis County,Utah,56,15.1,11.7,0.268,,369948
Iron County,Utah,12,19.2,,,,62429
Salt Lake County,Utah,311,26.2,23.6,0.421,0.103,1186260
Tooele County,Utah,13,16.3,21.4,,,79934
Utah County,Utah,67,9.5,14.8,0.299,0.196,702434
Washington County,Utah,33,16.7,26.2,0.485,,197680
Weber County,Utah,77,28.6,25.8,0.312,0.242,269561
Bennington County,Vermont,12,32.1,28.2,0.833,,37392
Caledonia County,Vermont,11,36,,,,30579
Chittenden County,Vermont,67,39.6,19,0.761,0.516,169301
Franklin County,Vermont,14,27.6,22.3,0.786,,50731
Orange County,Vermont,10,33.5,,,,29846
Rutland County,Vermont,45,74.5,41,0.911,0.792,60366
Washington County,Vermont,15,25,27.5,0.867,,60048
Windham County,Vermont,21,45.8,58.6,0.857,0.88,45842
Windsor County,Vermont,33,56.8,32.6,0.788,0.889,58142
Albemarle County,Virginia,25,21.8,,0.8,,114534
Arlington County,Virginia,23,9.8,9.3,0.652,0.591,234000
Bedford County,Virginia,29,35.9,,0.828,,80848
Brunswick County,Virginia,11,69.1,,0.909,,15921
Buchanan County,Virginia,17,87.8,,0.882,,19352
Buckingham County,Virginia,10,58.9,,,,16982
Chesterfield County,Virginia,77,20.3,18.1,0.883,0.683,378408
Culpeper County,Virginia,17,31.3,32.8,0.824,0.824,54381
Dickenson County,Virginia,12,87.4,,,,13725
Fairfax County,Virginia,117,10.3,8.8,0.829,0.663,1138330
Fauquier County,Virginia,14,18.8,24.1,0.857,0.941,74664
Franklin County,Virginia,18,32.7,24.9,0.833,,55074
Frederick County,Virginia,11,11.6,,,,95051
Gloucester County,Virginia,16,40.5,,0.812,,39493
Halifax County,Virginia,16,47.6,,0.875,,33644
Hanover County,Virginia,24,21.3,19.6,0.75,0.81,112938
Henrico County,Virginia,117,35,17.9,0.855,0.627,333962
Henry County,Virginia,28,56.1,21.5,0.857,,49906
Loudoun County,Virginia,29,6.7,5.7,0.655,0.522,432085
Louisa County,Virginia,11,27.4,,,,40116
Montgomery County,Virginia,17,17.2,,0.882,,98915
Orange County,Virginia,11,29,,,,37991
Pittsylvania County,Virginia,12,20,,0.833,,59952
Prince William County,Virginia,73,15,12.4,0.877,0.741,486943
Roanoke County,Virginia,14,14.4,14.9,0.929,,96914
Spotsylvania County,Virginia,48,32.7,28.4,0.771,0.737,146688
Stafford County,Virginia,26,15.9,14,0.808,0.667,163380
Tazewell County,Virginia,14,35.2,,,,39821
Warren County,Virginia,14,33.8,27.5,0.929,,41440
Washington County,Virginia,16,29.7,,0.625,,53958
Wise County,Virginia,10,28.2,,,,35421
York County,Virginia,10,14,,,,71341
Alexandria city,Virginia,21,13.5,8.2,0.762,,155525
Charlottesville city,Virginia,25,55.1,27.4,0.64,0.769,45373
Chesapeake city,Virginia,70,27.7,16.1,0.829,0.615,252488
Danville city,Virginia,24,56.8,29.5,0.792,,42229
Fredericksburg city,Virginia,20,69.5,78.8,0.6,0.739,28757
Hampton city,Virginia,49,35.5,26.8,0.755,0.583,138037
Harrisonburg city,Virginia,12,23.5,,,,51158
Hopewell city,Virginia,28,121.9,62.3,0.821,,22962
Lynchburg city,Virginia,37,46.7,16,0.541,,79287
Manassas city,Virginia,18,42.2,43.9,0.833,0.722,42642
Martinsville city,Virginia,17,123.9,95,0.647,,13725
Newport News city,Virginia,77,41.8,23.5,0.844,0.643,184306
Norfolk city,Virginia,132,56.7,25.5,0.712,0.565,232995
Petersburg city,Virginia,43,128.8,80.5,0.884,0.64,33394
Portsmouth city,Virginia,103,106.2,32.7,0.913,0.774,97029
Richmond city,Virginia,303,132.1,57.2,0.884,0.611,229395
Roanoke city,Virginia,143,146.1,80.8,0.79,0.412,97847
Salem city,Virginia,20,78.4,,0.95,,25523
Suffolk city,Virginia,26,26.4,15.4,0.923,,98537
Virginia Beach city,Virginia,112,24.6,12.2,0.768,0.455,455618
Winchester city,Virginia,26,93.1,67.9,0.731,0.632,27936
Benton County,Washington,56,26.3,13.9,0.786,,212791
Chelan County,Washington,28,35,14.3,0.714,,79926
Clallam County,Washington,31,39.8,17,0.71,,77805
Clark County,Washington,116,22.4,13.1,0.5,0.222,516779
Cowlitz County,Washington,34,30.4,12.9,0.471,,111956
Franklin County,Washington,20,20.3,10.6,0.8,,98678
Grant County,Washington,38,37.5,,0.684,,101311
Grays Harbor County,Washington,45,58.4,,0.778,,77038
Island County,Washington,14,16.2,,0.786,,86625
King County,Washington,1051,46.4,17.8,0.754,0.194,2266790
Kitsap County,Washington,64,23,13,0.766,,277673
Lewis County,Washington,35,41,,0.6,,85370
Mason County,Washington,40,58.7,,0.65,,68166
Okanogan County,Washington,15,34.8,,,,43127
Pierce County,Washington,367,39.6,18.3,0.657,0.11,927380
Skagit County,Washington,35,26.7,19.6,0.457,0.4,131179
Snohomish County,Washington,278,33.1,20.2,0.712,0.341,840079
Spokane County,Washington,233,42.4,16.2,0.691,,549690
Thurston County,Washington,136,45.5,13.6,0.779,,298758
Walla Walla County,Washington,14,22.6,18.1,0.714,,61890
Whatcom County,Washington,71,30.8,,0.718,,230677
Yakima County,Washington,75,29.2,15.2,0.76,0.474,257001
Berkeley County,West Virginia,84,64.9,54.6,0.81,0.719,129490
Boone County,West Virginia,21,100.2,77.4,0.857,,20968
Brooke County,West Virginia,17,78.2,45.2,0.824,,21733
Cabell County,West Virginia,147,158.5,153.7,0.837,0.818,92730
Fayette County,West Virginia,40,101.3,48.9,0.95,0.714,39487
Greenbrier County,West Virginia,23,70.9,,0.739,,32435
Hancock County,West Virginia,13,46.1,34.4,1,,28172
Harrison County,West Virginia,45,69.3,31.1,0.822,0.714,64915
Jackson County,West Virginia,14,50.5,,0.714,,27716
Jefferson County,West Virginia,24,40.7,38.7,0.875,0.818,58979
Kanawha County,West Virginia,180,102.6,79.8,0.811,0.583,175515
Lincoln County,West Virginia,15,75.4,48.6,0.867,,19901
Logan County,West Virginia,46,146.9,36.8,0.826,,31316
McDowell County,West Virginia,34,190.5,60.4,0.971,,17850
Marion County,West Virginia,31,55.4,19.6,0.903,,55952
Mason County,West Virginia,17,68,,0.765,,25000
Mercer County,West Virginia,60,102.2,62.5,0.883,0.486,58700
Mineral County,West Virginia,15,55.9,,0.8,,26855
Mingo County,West Virginia,17,75.3,,0.882,,22573
Monongalia County,West Virginia,78,73,41.6,0.769,0.591,106869
Nicholas County,West Virginia,13,53.4,,,,24335
Ohio County,West Virginia,26,62.7,67.1,0.769,0.643,41447
Preston County,West Virginia,10,29.3,,,,34172
Putnam County,West Virginia,16,28.1,30,0.812,0.706,57015
Raleigh County,West Virginia,105,144.1,63.4,0.895,0.723,72882
Wayne County,West Virginia,27,71.1,62.6,0.815,0.76,37998
Wood County,West Virginia,40,48,38,0.8,0.719,83340
Wyoming County,West Virginia,27,131.5,48.1,0.963,,20527
Brown County,Wisconsin,71,26.3,11.8,0.831,0.387,270036
Chippewa County,Wisconsin,10,15,,,,66807
Columbia County,Wisconsin,19,32.6,26.2,0.737,,58193
Dane County,Wisconsin,150,26.4,24.4,0.72,0.568,568203
Dodge County,Wisconsin,24,27.2,28.5,0.625,0.52,88282
Douglas County,Wisconsin,15,34,,0.8,,44144
Eau Claire County,Wisconsin,29,27.1,13.4,0.655,,106837
Fond du Lac County,Wisconsin,22,21.2,,0.591,,103836
Jefferson County,Wisconsin,15,17.5,,0.733,,85784
Kenosha County,Wisconsin,52,31,21.3,0.75,0.444,167817
La Crosse County,Wisconsin,45,37.4,20.3,0.644,0.625,120294
Manitowoc County,Wisconsin,25,30.8,12.7,0.8,,81172
Marathon County,Wisconsin,29,21,9.6,0.483,,137958
Milwaukee County,Wisconsin,619,67.4,39.6,0.809,0.541,918661
Monroe County,Wisconsin,14,30.4,,0.786,,46109
Outagamie County,Wisconsin,26,13.5,6.4,0.731,,192127
Ozaukee County,Wisconsin,13,14,,0.769,,93009
Racine County,Wisconsin,40,20.4,10.7,0.85,0.476,195846
Rock County,Wisconsin,60,36.6,30.1,0.733,0.449,164060
St. Croix County,Wisconsin,15,15.6,,,,96017
Sauk County,Wisconsin,14,21.3,18.7,0.714,0.833,65777
Sheboygan County,Wisconsin,27,22.9,12.1,0.704,,117841
Washington County,Wisconsin,18,13.1,11.8,0.778,,137688
Waukesha County,Wisconsin,61,14.9,15.4,0.672,0.194,410434
Winnebago County,Wisconsin,40,23.4,14.6,0.675,0.4,170718
Wood County,Wisconsin,18,24.3,,0.556,,73993
Fremont County,Wyoming,12,30.4,,,,39472
Laramie County,Wyoming,30,29.8,11.1,0.6,,100723
Natrona County,Wyoming,17,21.4,13.9,,,79601
Sweetwater County,Wyoming,14,33.9,,,,41345
United States,United States,107115,32.1,20.6,0.689,0.47,333288000
